,AnnRet,AnnVol,Sharpe,MaxDD
PPO,0.02281011725431006,0.07197749213811491,0.3169062518908505,-0.21609148653095314
DQN,-0.020045491293969007,0.06877587678599668,-0.2914610795301263,-0.2973783907467088
EW,0.03473204906562604,0.0429243364568153,0.8091458583118604,-0.1102766628796915
BH,0.035722059326054934,0.041532081003401944,0.8601076195114998,-0.10314793750506246
