,AnnRet,AnnVol,Sharpe,MaxDD
PPO,0.21787640853941795,0.213718392449844,1.0194555837749448,-0.25836029739966404
DQN,0.21787640853941795,0.213718392449844,1.0194555837749448,-0.25836029739966404
EW,0.20888742117209422,0.1154403293707564,1.8094839325986931,-0.1079121180822853
BH,0.22040587938826292,0.11757976148976419,1.8745222527567011,-0.10728952323547987
