,AnnRet,AnnVol,Sharpe,MaxDD
PPO,0.21171347155263448,0.2105049546501556,1.0057410377987617,-0.25489563039040275
DQN,0.0392173667275647,0.18053437196192432,0.2172293635896583,-0.28603213222258106
PPO_LSTM,0.19222820633265736,0.20584460790109235,0.9338510650912387,-0.24552691280760675
EW,0.20888742117209422,0.1154403293707564,1.8094839325986931,-0.1079121180822853
BH,0.22040587938826292,0.11757976148976419,1.8745222527567011,-0.10728952323547987
