,AnnRet,AnnVol,Sharpe,MaxDD
PPO,0.07174555308008992,0.07353694902756058,0.9756395122161662,-0.10447866228017172
DQN,0.07174555308008992,0.07353694902756058,0.9756395122161662,-0.10447866228017172
EW,0.03473204906562604,0.0429243364568153,0.8091458583118604,-0.1102766628796915
BH,0.035722059326054934,0.041532081003401944,0.8601076195114998,-0.10314793750506246
