,AnnRet,AnnVol,Sharpe,MaxDD
PPO,0.07127986461310244,0.0733630699607356,0.9716041688315427,-0.10385440190378081
DQN,-0.13746058968151595,0.07032401020717537,-1.9546750714955068,-0.7960956075028811
PPO_LSTM,0.07226585773185633,0.0732782856193707,0.9861837940128755,-0.10364693923632579
EW,0.03841420759636103,0.04297975676072239,0.8937744298863175,-0.11027666287969148
BH,0.03915366208821659,0.04177911332159695,0.9371587612664739,-0.10493810350864488
