,AnnRet,AnnVol,Sharpe,MaxDD
PPO,0.19211021936317058,0.20840519086900297,0.9218111053817429,-0.2560011548657761
DQN,0.0392173667275647,0.18053437196192432,0.2172293635896583,-0.28603213222258106
PPO_LSTM,0.21485011519410105,0.21053808579955044,1.0204809945770834,-0.25451609858927726
EW,0.20888742117209422,0.1154403293707564,1.8094839325986931,-0.1079121180822853
BH,0.22040587938826292,0.11757976148976419,1.8745222527567011,-0.10728952323547987
