,AnnRet,AnnVol,Sharpe,MaxDD
PPO,0.26975335685286833,0.15633387489236894,1.7254952391915042,-0.12121397968923356
DQN,0.015853788945254448,0.17176022608451688,0.09230186351385611,-0.24269981767102575
EW,0.20888742117209422,0.1154403293707564,1.8094839325986931,-0.1079121180822853
BH,0.22040587938826292,0.11757976148976419,1.8745222527567011,-0.10728952323547987
