,AnnRet,AnnVol,Sharpe,MaxDD
PPO,0.21790235378919243,0.2137184620685578,1.0195766508850925,-0.25836029739966404
DQN,0.015853788945254448,0.17176022608451688,0.09230186351385611,-0.24269981767102575
PPO_LSTM,0.19859653920173534,0.16766872930246693,1.184457829594996,-0.20770374029266064
EW,0.20888742117209422,0.1154403293707564,1.8094839325986931,-0.1079121180822853
BH,0.22040587938826292,0.11757976148976419,1.8745222527567011,-0.10728952323547987
