,AnnRet,AnnVol,Sharpe,MaxDD
PPO,0.19786218691614024,0.12603720442314664,1.5698712758677558,-0.10507510040211013
DQN,0.19786218691614024,0.12603720442314664,1.5698712758677558,-0.10507510040211013
EW,0.14652599920061557,0.10297034660376854,1.4229921917523192,-0.10430957265622423
BH,0.15798661456569674,0.10661340636160689,1.4818644292103609,-0.10082004981605744
