,AnnRet,AnnVol,Sharpe,MaxDD
PPO,0.15863026509208927,0.16770738240027463,0.9458752669130183,-0.21598649559686495
DQN,0.15485286534837192,0.2003626090631115,0.7728630909314147,-0.23914148649242012
EW,0.20888742117209422,0.1154403293707564,1.8094839325986931,-0.1079121180822853
BH,0.22040587938826292,0.11757976148976419,1.8745222527567011,-0.10728952323547987
