,AnnRet,AnnVol,Sharpe,MaxDD
PPO,-4.665953201089043,0.12963341653733446,-35.99344463554468,-8.893249076599325
DQN,-4.665953201089043,0.12963341653733446,-35.99344463554468,-8.893249076599325
EW,0.14652599920061557,0.10297034660376854,1.4229921917523192,-0.10430957265622423
BH,0.15798661456569674,0.10661340636160689,1.4818644292103609,-0.10082004981605744
