,AnnRet,AnnVol,Sharpe,MaxDD
PPO,0.015593834933792372,0.08678400476799986,0.17968558809079815,-0.290540995066554
DQN,-0.05537125606250163,0.07386956292922864,-0.7495814766739712,-0.439762570973219
PPO_LSTM,-0.0028662706628503516,0.05035589489174021,-0.05692026065579029,-0.1349615249998532
EW,0.03841420759636103,0.04297975676072239,0.8937744298863175,-0.11027666287969148
BH,0.03915366208821659,0.04177911332159695,0.9371587612664739,-0.10493810350864488
