,AnnRet,AnnVol,Sharpe,MaxDD
PPO,0.0016150029972674229,0.02046127844480165,0.07892972091383653,-0.017093653019566495
DQN,-0.04700383043296064,0.044209410989555484,-1.0632087010388385,-0.06549651407753863
EW,0.017208260604212024,0.03579632751827618,0.4807269850502246,-0.03743068453456759
BH,0.017152684264936695,0.0358086408492037,0.47900964285940273,-0.037446049453227735
