,AnnRet,AnnVol,Sharpe,MaxDD
PPO,0.16213502429306723,0.12596859263872395,1.2871067374451102,-0.11399396177006345
DQN,0.14002501058899125,0.10151257658257024,1.3793858386967022,-0.08309374384269613
EW,0.14652599920061543,0.10297034660376873,1.4229921917523152,-0.10430957265622415
BH,0.1579866145656965,0.10661340636160692,1.4818644292103582,-0.10082004981605734
