,AnnRet,AnnVol,Sharpe,MaxDD
PPO,0.16213506602272232,0.12596857856043434,1.2871072125629308,-0.11399396125502659
DQN,0.16213506602272232,0.12596857856043434,1.2871072125629308,-0.11399396125502659
EW,0.14652599920061557,0.10297034660376854,1.4229921917523192,-0.10430957265622423
BH,0.15798661456569674,0.10661340636160689,1.4818644292103609,-0.10082004981605744
