,AnnRet,AnnVol,Sharpe,MaxDD
PPO,0.05227846328159102,0.07354840666778428,0.7108034782727558,-0.11318806138615067
DQN,0.05227846328159102,0.07354840666778428,0.7108034782727558,-0.11318806138615067
EW,0.03473204906562604,0.0429243364568153,0.8091458583118604,-0.1102766628796915
BH,0.035722059326054934,0.041532081003401944,0.8601076195114998,-0.10314793750506246
