,AnnRet,AnnVol,Sharpe,MaxDD
PPO,0.00577647244269549,0.07197204464033143,0.08025994636503951,-0.23953998385519126
DQN,-0.012346322084114998,0.06080382042038781,-0.20305174902747009,-0.2735414686547322
PPO_LSTM,0.009575965946118134,0.08736854516313239,0.10960427380504645,-0.29175572858126003
EW,0.03473204906562604,0.0429243364568153,0.8091458583118604,-0.1102766628796915
BH,0.035722059326054934,0.041532081003401944,0.8601076195114998,-0.10314793750506246
