,AnnRet,AnnVol,Sharpe,MaxDD
PPO,0.16266763043018836,0.21371870389028155,0.7611295945016454,-0.27497914231719434
DQN,0.15485286534837192,0.2003626090631115,0.7728630909314147,-0.23914148649242012
PPO_LSTM,0.011290664555570006,0.15422261398088616,0.07321017498053899,-0.29454490380951853
EW,0.20888742117209422,0.1154403293707564,1.8094839325986931,-0.1079121180822853
BH,0.22040587938826292,0.11757976148976419,1.8745222527567011,-0.10728952323547987
