,AnnRet,AnnVol,Sharpe,MaxDD
PPO,0.13927281682223236,0.20648782848162814,0.6744843889621776,-0.26381082082091617
DQN,0.05282520298925982,0.1143039442949656,0.4621468079218707,-0.11861980681670342
PPO_LSTM,0.13132787372341823,0.20822134293922887,0.6307128360089227,-0.2630741888409924
EW,0.20888742117209422,0.1154403293707564,1.8094839325986931,-0.1079121180822853
BH,0.22040587938826292,0.11757976148976419,1.8745222527567011,-0.10728952323547987
