,AnnRet,AnnVol,Sharpe,MaxDD
PPO,0.052278463281591,0.07354840666778427,0.7108034782727556,-0.11318806138615028
DQN,-0.18220226528883723,0.053682763474296055,-3.3940552515088718,-1.029334471752005
EW,0.03473204906562616,0.04292433645681527,0.8091458583118637,-0.11027666287969162
BH,0.03572205932605508,0.04153208100340187,0.8601076195115048,-0.10314793750506179
