,AnnRet,AnnVol,Sharpe,MaxDD
PPO,0.18385339733172149,0.2113721984942683,0.8698087952935644,-0.26176963279824295
DQN,0.2318730960317523,0.16707764697423017,1.387816384953807,-0.2148730876986181
PPO_LSTM,0.15548104617137393,0.21085377441782968,0.7373880149877419,-0.2613528217053237
EW,0.20888742117209422,0.1154403293707564,1.8094839325986931,-0.1079121180822853
BH,0.22040587938826292,0.11757976148976419,1.8745222527567011,-0.10728952323547987
